<?xml version="1.0"?>
<doc>
    <assembly>
        <name>SerialPortLib</name>
    </assembly>
    <members>
        <member name="T:SerialPortLib.SerialPortInput">
            <summary>
            Serial port I/O
            </summary>
        </member>
        <member name="T:SerialPortLib.SerialPortInput.ConnectionStatusChangedEventHandler">
            <summary>
            Connected state changed event.
            </summary>
        </member>
        <member name="E:SerialPortLib.SerialPortInput.ConnectionStatusChanged">
            <summary>
            Occurs when connected state changed.
            </summary>
        </member>
        <member name="T:SerialPortLib.SerialPortInput.MessageReceivedEventHandler">
            <summary>
            Message received event.
            </summary>
        </member>
        <member name="E:SerialPortLib.SerialPortInput.MessageReceived">
            <summary>
            Occurs when message received.
            </summary>
        </member>
        <member name="M:SerialPortLib.SerialPortInput.Connect">
            <summary>
            Connect to the serial port.
            </summary>
        </member>
        <member name="M:SerialPortLib.SerialPortInput.Disconnect">
            <summary>
            Disconnect the serial port.
            </summary>
        </member>
        <member name="P:SerialPortLib.SerialPortInput.IsConnected">
            <summary>
            Gets a value indicating whether the serial port is connected.
            </summary>
            <value><c>true</c> if connected; otherwise, <c>false</c>.</value>
        </member>
        <member name="M:SerialPortLib.SerialPortInput.SetPort(System.String,System.Int32,System.IO.Ports.StopBits,System.IO.Ports.Parity)">
            <summary>
            Sets the serial port options.
            </summary>
            <param name="portname">Portname.</param>
            <param name="baudrate">Baudrate.</param>
            <param name="stopbits">Stopbits.</param>
            <param name="parity">Parity.</param>
        </member>
        <member name="M:SerialPortLib.SerialPortInput.SendMessage(System.Byte[])">
            <summary>
            Sends the message.
            </summary>
            <returns><c>true</c>, if message was sent, <c>false</c> otherwise.</returns>
            <param name="message">Message.</param>
        </member>
        <member name="M:SerialPortLib.SerialPortInput.OnConnectionStatusChanged(SerialPortLib.ConnectionStatusChangedEventArgs)">
            <summary>
            Raises the connected state changed event.
            </summary>
            <param name="args">Arguments.</param>
        </member>
        <member name="M:SerialPortLib.SerialPortInput.OnMessageReceived(SerialPortLib.MessageReceivedEventArgs)">
            <summary>
            Raises the message received event.
            </summary>
            <param name="args">Arguments.</param>
        </member>
        <member name="T:SerialPortLib.ConnectionStatusChangedEventArgs">
            <summary>
            Connected state changed event arguments.
            </summary>
        </member>
        <member name="F:SerialPortLib.ConnectionStatusChangedEventArgs.Connected">
            <summary>
            The connected state.
            </summary>
        </member>
        <member name="M:SerialPortLib.ConnectionStatusChangedEventArgs.#ctor(System.Boolean)">
            <summary>
            Initializes a new instance of the <see cref="T:SerialPortLib.ConnectionStatusChangedEventArgs"/> class.
            </summary>
            <param name="state">State of the connection (true = connected, false = not connected).</param>
        </member>
        <member name="T:SerialPortLib.MessageReceivedEventArgs">
            <summary>
            Message received event arguments.
            </summary>
        </member>
        <member name="F:SerialPortLib.MessageReceivedEventArgs.Data">
            <summary>
            The data.
            </summary>
        </member>
        <member name="M:SerialPortLib.MessageReceivedEventArgs.#ctor(System.Byte[])">
            <summary>
            Initializes a new instance of the <see cref="T:SerialPortLib.MessageReceivedEventArgs"/> class.
            </summary>
            <param name="data">Data.</param>
        </member>
    </members>
</doc>
